{
"th2"  : "ник",
"th3"  : "звание",
"th4"  : "трофеи",
"th5"  : "войска+",
"th6"  : "войска-",
"th7"  : "соотношение",
"th8"  : "уровень",
"th9"  : "вступил",
"th10" : "покинул",
"th11" : "отзывы",
"th2w" : "Окончание войны",
"th3w" : "Результат войны",
"th4w" : "Атаки",
"th5w" : "Повреждения",
"th6w" : "Опыт",
"th7w" : "Звезды",
"th8w" : "КВ",
"th9w" : "Атаки",
"th10w": "Повреждения",
"usrleader"   : "Глава",
"usrcoleader" : "руководитель",
"usradmin"    : "участник",
"usrmember"   : "новичок",
"usrundef"    : "неизвестно",
"clanobj"     : "клан",
"clanid"      : "ID клана",
"clanmem"     : "Участники",
"clanwarweek" : "Клановые Войны",
"clanwarwin"  : "Выиграно войн",
"clanwarstr"  : "Серия побед",
"clanwaris"   : "Ход войны",
"clanin"      : "Вход в клан",
"clantrop"    : "Иметь трофеев",
"clanctryid"  : "Код страны",
"clanctryname": "Страна",
"clanyes"     : "Да",
"clanno"      : "Нет",
"cocclaninvite"  : "Приглашение",
"cocclanopen"    : "Открытый",
"cocclanclosed"  : "Закрытый",
"cocclannone"    : "Неизвестно",
"donationsend"   : "Пожертвовано",
"donationreceive" : "Получено",
"donationratio"  : "Соотношение",
"donationtotal"  : "Общее",
"donationtitle"  : "Лучшие пожертвования клана (ТОП 5)",
"warwin"	 : "Win!",
"warlose"	 : "Lose",
"warundef"	 : "Неопределено",
"clantitle"      : "Участники клана",
"infotitle"      : "Информация о клане",
"wartitle"	 : "История войны клана",
"errortxt"	 : "Ошибка!",
"srvdate"	 : "Дата",
"srvgen"	 : "Создано",
"snotice"	 : "показать анотации",
"sjoin"    	 : "показать вошедших",
"sexit"    	 : "показать вышедших",
"sserver"  	 : "сообщения сервера",
"schannel" 	 : "сообщения канала",
"navclan"	 : "Клан",
"navmember"	 : "Участники",
"navdonation"	 : "Пожертвования",
"navclanwars"    : "История КВ",
"navirc"	 : "IRC Архив",
"actualuser"	 : "текущий состав игроков",
"notifyname"	 : "Обновления",
"notifysetuptitle"		: "CoC Сервер -&gt; установки событий",
"notifysetupclose"		: "Закрыть",
"notifysetupclear"		: "Очистить окно уведомлений",
"notifyServerOpen"		: "Соединение установлено, ожидаю обновлений..",
"notifyServerClose"		: "Соединение с сервером обновлений разорвано",
"notifyServerShutDown"		: "Завершение работы сервера, все события остановлены",
"notifyServerError"		: "Ваш браузер не поддерживает Server Side Events (SSE)",
"notifyMemberNew"		: "Новые участники",
"notifyMemberExit"		: "Участники покинувшие клан",
"notifyMemberChangeNik"		: "Участник измененил имя",
"notifyMemberChangeRole"	: "Участник измененил звание",
"notifyMemberChangeLevel"	: "Участник измененил уровень",
"notifyMemberChangeLeague"	: "Участник измененил лигу",
"notifyMemberChangeTrophies"	: "Участник измененил трофеи",
"notifyMemberChangeDonationSend": "Участник пожертвовал",
"notifyMemberChangeDonationReceive": "Участник получил",
"notifyClanChangeName"		: "Клан измененил имя",
"notifyClanChangeType"		: "Клан измененил статус (прием)",
"notifyClanChangeLevel"		: "Клан измененил уровень",
"notifyClanChangePoints"	: "Клан измененил очки",
"notifyClanChangeMembers"	: "Клан измененил количество участников",
"notifyClanChangeTrophies"	: "Клан измененил трофеи (прием)",
"notifyClanChangeWarWin"	: "Клан измененил выигранные войны",
"notifyClanChangeWarFrequency"	: "Клан измененил период между войнами",
"notifyClanChangeWarSeries"	: "Клан измененил серию побед",
"notifyClanChangeWarPublic"	: "Клан измененил публичный ход войны",
"notifyWarClanEnd"		: "Результат последней войны клана",
"fmtMemberNew"			: "Новый участник {0}",
"fmtMemberExit"			: "{0} покинул клан",
"fmtMemberChangeNik"		: "{0} измененил имя на: {1}",
"fmtMemberChangeRole"		: "{0} измененил звание: {1} -&gt; {2}",
"fmtMemberChangeLevel"		: "{0} измененил уровень: {5}, {1} -&gt; {2}",
"fmtMemberChangeLeague"		: "{0} измененил лигу: {1} -&gt; {2}",
"fmtMemberChangeTrophies"	: "{0} измененил трофеи: {5}, {1} -&gt; {2}",
"fmtMemberChangeDonationSend"	: "{0} пожертвовал войск: {5}, {1} -&gt; {2}",
"fmtMemberChangeDonationReceive": "{0} получил войск: {5}, {1} -&gt; {2}",
"fmtClanChangeName"		: "Клан {0} измененил имя на: {1}",
"fmtClanChangeType"		: "Клан {0} измененил статус (прием): {1} -&gt; {2}",
"fmtClanChangeLevel"		: "Клан {0} измененил уровень: {5}, {1} -&gt; {2}",
"fmtClanChangePoints"		: "Клан {0} измененил очки: {5}, {1} -&gt; {2}",
"fmtClanChangeMembers"		: "Клан {0} измененил количество участников: {5}, {1} -&gt; {2}",
"fmtClanChangeTrophies"		: "Клан {0} измененил трофеи (прием): {5}, {1} -&gt; {2}",
"fmtClanChangeWarWin"		: "Клан {0} измененил выигранные войны: {5}, {1} -&gt; {2}",
"fmtClanChangeWarFrequency"	: "Клан {0} измененил период между войнами: {1} -&gt; {2}",
"fmtClanChangeWarSeries"	: "Клан {0} измененил серию побед: {5}, {1} -&gt; {2}",
"fmtClanChangeWarPublic"	: "Клан {0} измененил публичный ход войны: {1} -&gt; {2}",
"fmtWarClanEnd"			: "Клановая война окончена: {0}, {1} -&gt; {2} {3} {4}"
}
