{
"th2"  : "nik name",
"th3"  : "role",
"th4"  : "trophies",
"th5"  : "warriors+",
"th6"  : "warriors-",
"th7"  : "ratio",
"th8"  : "level",
"th9"  : "join",
"th10" : "leave",
"th11" : "note",
"th2w" : "War end",
"th3w" : "War result",
"th4w" : "Clan attacks",
"th5w" : "Clan destruct",
"th6w" : "Clan experience",
"th7w" : "Clan stars",
"th8w" : "CW War",
"th9w" : "Opponent attacks",
"th10w": "Opponent destruct",
"usrleader"   : "Leader",
"usrcoleader" : "coLeader",
"usradmin"    : "Admin",
"usrmember"   : "Member",
"usrundef"    : "Undefained",
"clanobj"     : "clan",
"clanid"      : "Clan ID",
"clanmem"     : "Members",
"clanwarweek" : "Clan wars",
"clanwarwin"  : "War wons",
"clanwarstr"  : "Wars win series",
"clanwaris"   : "Public wars",
"clanin"      : "Type in",
"clantrop"    : "Thophies",
"clanctryid"  : "Code country",
"clanctryname"   : "Country",
"clanyes"     : "Yes",
"clanno"      : "No",
"cocclaninvite"  : "Invite Only",
"cocclanopen"    : "Open",
"cocclanclosed"  : "Closed",
"cocclannone"    : "Unknown",
"donationsend"   : "Send",
"donationreceive" : "Receive",
"donationratio"  : "Ratio",
"donationtotal"  : "Total",
"donationtitle"  : "Best donation in clan (TOP 5)",
"warwin"	 : "Win!",
"warlose"	 : "Lose",
"warundef"	 : "Undefined",
"clantitle"      : "Clan member list",
"infotitle"      : "Clan information",
"wartitle"	 : "Clan War history",
"errortxt"	 : "Error!",
"srvdate"	 : "Date",
"srvgen"	 : "Generate",
"snotice"	 : "show Notice",
"sjoin"    	 : "show User joined",
"sexit"    	 : "show User exit",
"sserver"  	 : "show Server",
"schannel" 	 : "show Channel",
"navclan"	 : "Clan",
"navmember"	 : "Members",
"navdonation"	 : "Donation",
"navclanwars"    : "CW history",
"navirc"	 : "IRC Archive",
"actualuser"	 : "show actual players",
"notifyname"	 : "Notify",
"notifysetuptitle"		: "CoC Server -&gt; view event setup",
"notifysetupclose"		: "Close",
"notifysetupclear"		: "Clear window",
"notifyServerOpen"		: "Connection Opened, wait event update..",
"notifyServerClose"		: "Connection Closed",
"notifyServerShutDown"		: "Server ShutDown, stop any events",
"notifyServerError"		: "Your browser not support Server Side Events",
"notifyMemberNew"		: "Member New",
"notifyMemberExit"		: "Member Exit",
"notifyMemberChangeNik"		: "Member change Nik",
"notifyMemberChangeRole"	: "Member change Role",
"notifyMemberChangeLevel"	: "Member change Level",
"notifyMemberChangeLeague"	: "Member change League",
"notifyMemberChangeTrophies"	: "Member change Trophies",
"notifyMemberChangeDonationSend": "Member change Donation",
"notifyClanChangeName"		: "Clan change Name",
"notifyClanChangeType"		: "Clan change Type",
"notifyClanChangeLevel"		: "Clan change Level",
"notifyClanChangePoints"	: "Clan change Points",
"notifyClanChangeMembers"	: "Clan change Members",
"notifyClanChangeTrophies"	: "Clan change Trophies",
"notifyClanChangeWarWin"	: "Clan change Wars win",
"notifyClanChangeWarFrequency"	: "Clan changes between the Wars",
"notifyClanChangeWarSeries"	: "Clan change Wars win series",
"notifyClanChangeWarPublic"	: "Clan change Wars public status",
"notifyWarClanEnd"		: "Clan last War end",
"fmtMemberNew"			: "New member {0}",
"fmtMemberExit"			: "Member {0} left from clan",
"fmtMemberChangeNik"		: "Member {0} change Nik: to {1}",
"fmtMemberChangeRole"		: "Member {0} change Role: {1} -&gt; {2}",
"fmtMemberChangeLevel"		: "Member {0} change Level: {5}, {1} -&gt; {2}",
"fmtMemberChangeLeague"		: "Member {0} change League: {1} -&gt; {2}",
"fmtMemberChangeTrophies"	: "Member {0} change Trophies: {5}, {1} -&gt; {2}",
"fmtMemberChangeDonationSend"	: "Member {0} change Donation send: {5}, {1} -&gt; {2}",
"fmtMemberChangeDonationReceive": "Member {0} change Donation receive: {5}, {1} -&gt; {2}",
"fmtClanChangeName"		: "Clan {0} change Name: to {1}",
"fmtClanChangeType"		: "Clan {0} change Type: {1} -&gt; {2}",
"fmtClanChangeLevel"		: "Clan {0} change Level: {5}, {1} -&gt; {2}",
"fmtClanChangePoints"		: "Clan {0} change Points: {5}, {1} -&gt; {2}",
"fmtClanChangeMembers"		: "Clan {0} change Members: {5}, {1} -&gt; {2}",
"fmtClanChangeTrophies"		: "Clan {0} change Trophies: {5}, {1} -&gt; {2}",
"fmtClanChangeWarWin"		: "Clan {0} change war Win: {5}, {1} -&gt; {2}",
"fmtClanChangeWarFrequency"	: "Clan {0} change war Frequency: {1} -&gt; {2}",
"fmtClanChangeWarSeries"	: "Clan {0} change war Series: {5}, {1} -&gt; {2}",
"fmtClanChangeWarPublic"	: "Clan {0} change war Public: {1} -&gt; {2}",
"fmtWarClanEnd"			: "Clan War {0} ended, {1} -&gt; {2} {3} {4}"
}
